,RMSE,MAE,R2,ExplainedVar,Pearson,Spearman
Random Forest (train),0.014588438433179338,0.0072016064490606786,0.986898147252368,0.9869009960708168,0.9937519347560905,0.9949357927956209
Random Forest (test),0.04021769603691053,0.019913540234362197,0.9054992281458439,0.905501924561665,0.9517209714655285,0.9695819095578356
