,RMSE,MAE,R2,ExplainedVar,Pearson,Spearman
Linear Regression (train),0.06605023027987252,0.041866574267523715,0.7314261205308946,0.7314261459590208,0.855234860559622,0.8526990404047349
Linear Regression (test),0.06967476648195639,0.0429042043103772,0.7163700917085274,0.7164234210489686,0.8465101137306217,0.8589432525549741
