,RMSE,MAE,R2,ExplainedVar,Pearson,Spearman
Random Forest (test),0.04021769603691053,0.019913540234362197,0.9054992281458439,0.905501924561665,0.9517209714655285,0.9695819095578356
