,RMSE,MAE,R2,ExplainedVar,Pearson,Spearman
XGBoost (test),0.03940860724095661,0.0193400240522644,0.9092632637413479,0.9093318851944994,0.9542352240334743,0.9715138240232568
