,RMSE,MAE,R2,ExplainedVar,Pearson,Spearman
Linear Regression (test),0.06630130837229191,0.040289807568830056,0.7431703390991369,0.7432789237351705,0.8631909072107735,0.8587402625177519
